{
  "version": 1,
  "author": "Anonymous maker",
  "editor": "wokwi",
  "parts": [
    {
      "type": "wokwi-pi-pico",
      "id": "pico",
      "top": 8,
      "left": -19.33,
      "attrs": { "env": "micropython-20220117-v1.18" }
    },
    {
      "type": "wokwi-resistor",
      "id": "r1",
      "top": 56.95,
      "left": 162.02,
      "attrs": { "value": "1000" }
    },
    {
      "type": "wokwi-resistor",
      "id": "r2",
      "top": 97.62,
      "left": 166.02,
      "attrs": { "value": "1000" }
    },
    {
      "type": "wokwi-resistor",
      "id": "r3",
      "top": 138.29,
      "left": 164.69,
      "attrs": { "value": "1000" }
    },
    { "type": "wokwi-rgb-led", "id": "rgb1", "top": -65.05, "left": 157.35, "attrs": {} }
  ],
  "connections": [
    [ "rgb1:R", "r3:2", "green", [ "v53.08", "h76.84", "v116", "h13.33", "v0" ] ],
    [ "r3:1", "pico:GP16", "green", [ "v5.4", "h-3.34", "v52" ] ],
    [ "rgb1:COM", "pico:3V3", "green", [ "v0" ] ],
    [ "rgb1:G", "r2:2", "green", [ "v38.41", "h83.6", "v85.33" ] ],
    [ "r2:1", "pico:GP18", "green", [ "v24.74", "h-68", "v38.67", "h-11.33" ] ],
    [ "rgb1:B", "r1:2", "green", [ "v4.74", "h66.97", "v83.33" ] ],
    [ "r1:1", "pico:GP20", "green", [ "v0" ] ]
  ]
}