{
  "version": 1,
  "author": "Anonymous maker",
  "editor": "wokwi",
  "parts": [
    {
      "type": "wokwi-pi-pico",
      "id": "pico",
      "top": 0,
      "left": 0,
      "attrs": { "env": "micropython-20220117-v1.18" }
    },
    {
      "type": "wokwi-led",
      "id": "led1",
      "top": -42.37846120198567,
      "left": -171.3144989013672,
      "attrs": { "color": "red" }
    },
    {
      "type": "wokwi-resistor",
      "id": "r1",
      "top": -45.38,
      "left": -98.31,
      "attrs": { "value": "1000" }
    },
    {
      "type": "wokwi-led",
      "id": "led2",
      "top": 25.95,
      "left": -166.98,
      "attrs": { "color": "red" }
    },
    {
      "type": "wokwi-resistor",
      "id": "r2",
      "top": -65.04512786865234,
      "left": -217.98116556803387,
      "attrs": { "value": "1000" }
    }
  ],
  "connections": [
    [ "led2:A", "pico:GP15", "green", [ "v120.08", "h48.33", "v27.33", "h90.67" ] ],
    [ "led1:A", "pico:GP14", "green", [ "v0.41", "h26", "v0", "h0", "v0", "h0", "v0" ] ],
    [ "r2:1", "led1:C", "green", [ "v36.07", "h14.67", "v30" ] ],
    [ "r2:2", "pico:GND.8", "green", [ "v10.74", "h0.33" ] ],
    [ "led2:C", "r1:1", "green", [ "v0" ] ],
    [ "r1:2", "pico:GND.7", "green", [ "v0" ] ]
  ]
}